-- phpMyAdmin SQL Dump
-- version 5.2.1
-- https://www.phpmyadmin.net/
--
-- Host: 127.0.0.1
-- Waktu pembuatan: 02 Jul 2023 pada 11.02
-- Versi server: 10.4.28-MariaDB
-- Versi PHP: 8.2.4

SET SQL_MODE = "NO_AUTO_VALUE_ON_ZERO";
START TRANSACTION;
SET time_zone = "+00:00";


/*!40101 SET @OLD_CHARACTER_SET_CLIENT=@@CHARACTER_SET_CLIENT */;
/*!40101 SET @OLD_CHARACTER_SET_RESULTS=@@CHARACTER_SET_RESULTS */;
/*!40101 SET @OLD_COLLATION_CONNECTION=@@COLLATION_CONNECTION */;
/*!40101 SET NAMES utf8mb4 */;

--
-- Database: `store`
--

-- --------------------------------------------------------

--
-- Struktur dari tabel `items`
--

CREATE TABLE `items` (
  `id` int(11) NOT NULL,
  `name` varchar(255) NOT NULL,
  `price` int(11) NOT NULL
) ENGINE=InnoDB DEFAULT CHARSET=latin1 COLLATE=latin1_swedish_ci;

--
-- Dumping data untuk tabel `items`
--

INSERT INTO `items` (`id`, `name`, `price`) VALUES
(1, 'Sofa Pendek', 1100000),
(2, 'Tempat Tidur', 3400000),
(3, 'Rak Tv', 2500000),
(4, 'Meja Persegi Putih', 800000),
(5, 'Meja Persegi Hitam', 800000),
(6, 'Dapur Set', 7000000),
(7, 'Meja Makan', 5200000),
(8, 'Lemari Kecil', 1800000),
(9, 'Rak Kamar Mandi', 2100000),
(10, 'Rak Sudut', 1400000),
(11, 'Sofa Sudut', 2500000),
(12, 'Rak Sepatu', 800000);

-- --------------------------------------------------------

--
-- Struktur dari tabel `users`
--

CREATE TABLE `users` (
  `id` int(11) NOT NULL,
  `name` varchar(255) NOT NULL,
  `email` varchar(255) NOT NULL,
  `password` varchar(255) NOT NULL,
  `contact` varchar(255) NOT NULL,
  `city` varchar(255) NOT NULL,
  `address` varchar(255) NOT NULL
) ENGINE=InnoDB DEFAULT CHARSET=latin1 COLLATE=latin1_swedish_ci;

--
-- Dumping data untuk tabel `users`
--

INSERT INTO `users` (`id`, `name`, `email`, `password`, `contact`, `city`, `address`) VALUES
(4, 'yugesh verma', 'yugeshverma32@gmail.com', '14e1b600b1fd579f47433b88e8d85291', '6263056779', 'bhilai', '25 commercial complex, nehru nagar,east near vijya bank, bhilai C.G.'),
(5, 'yugesh', 'yugeshverma@gmail.com', '14e1b600b1fd579f47433b88e8d85291', '9165063741', 'bhilai', 'bhilai'),
(6, 'Rizqi', 'rizqialfajar4@gmail.com', '5f4ac4f5fa33e6e59ffed89dd074c37a', '087830346002', 'yogyakarta', 'gatak sidoluhur godean sleman');

-- --------------------------------------------------------

--
-- Struktur dari tabel `users_items`
--

CREATE TABLE `users_items` (
  `id` int(11) NOT NULL,
  `user_id` int(11) NOT NULL,
  `item_id` int(11) NOT NULL,
  `status` enum('Added to cart','Confirmed') NOT NULL
) ENGINE=InnoDB DEFAULT CHARSET=latin1 COLLATE=latin1_swedish_ci;

--
-- Dumping data untuk tabel `users_items`
--

INSERT INTO `users_items` (`id`, `user_id`, `item_id`, `status`) VALUES
(7, 3, 3, 'Added to cart'),
(8, 3, 4, 'Added to cart'),
(9, 3, 5, 'Added to cart'),
(10, 3, 11, 'Added to cart'),
(11, 1, 9, 'Added to cart'),
(12, 1, 2, 'Added to cart'),
(13, 1, 8, 'Added to cart'),
(14, 4, 2, 'Confirmed'),
(18, 5, 11, 'Added to cart'),
(20, 5, 5, 'Added to cart'),
(31, 6, 2, 'Confirmed'),
(35, 6, 4, 'Confirmed'),
(36, 6, 5, 'Confirmed'),
(37, 6, 3, 'Added to cart');

--
-- Indexes for dumped tables
--

--
-- Indeks untuk tabel `items`
--
ALTER TABLE `items`
  ADD PRIMARY KEY (`id`);

--
-- Indeks untuk tabel `users`
--
ALTER TABLE `users`
  ADD PRIMARY KEY (`id`);

--
-- Indeks untuk tabel `users_items`
--
ALTER TABLE `users_items`
  ADD PRIMARY KEY (`id`),
  ADD KEY `user_id` (`user_id`,`item_id`),
  ADD KEY `item_id` (`item_id`);

--
-- AUTO_INCREMENT untuk tabel yang dibuang
--

--
-- AUTO_INCREMENT untuk tabel `items`
--
ALTER TABLE `items`
  MODIFY `id` int(11) NOT NULL AUTO_INCREMENT, AUTO_INCREMENT=13;

--
-- AUTO_INCREMENT untuk tabel `users`
--
ALTER TABLE `users`
  MODIFY `id` int(11) NOT NULL AUTO_INCREMENT, AUTO_INCREMENT=7;

--
-- AUTO_INCREMENT untuk tabel `users_items`
--
ALTER TABLE `users_items`
  MODIFY `id` int(11) NOT NULL AUTO_INCREMENT, AUTO_INCREMENT=38;
COMMIT;

/*!40101 SET CHARACTER_SET_CLIENT=@OLD_CHARACTER_SET_CLIENT */;
/*!40101 SET CHARACTER_SET_RESULTS=@OLD_CHARACTER_SET_RESULTS */;
/*!40101 SET COLLATION_CONNECTION=@OLD_COLLATION_CONNECTION */;
